,id,landmark_id,Landmark
0,9bc1d25ff3afa8af,43412,Golden Gate Bridge
1,8d9ebf1e1c05cb42,39351,The Rotunda
2,14eb43d406fbefbf,39351,The Rotunda
3,6180b3f33195d353,38652,Lincoln Financial Field
4,3ccfd45e321f6b26,64537,Monticello
5,8289434f69ee9aa8,72649,Table Mountain
6,de7f5899d72c944e,65436,"Downtown Washington, D.C."
7,19303313d521f130,80307,Washington Monument
8,635e8b348d6ddacc,58504,Himeji Castle
9,4b58abde47ba89e8,43412,Golden Gate Bridge
10,a14f901639566bf6,30675,Stonehenge
11,ed281f0348317224,80307,Washington Monument
12,c104940897251bd6,40333,Eiffel Tower
13,bb88eed64ced17a7,80307,Washington Monument
14,bfb9a72e23e2df39,48268,Cristo Redentor
15,07c1758d21982f25,43412,Golden Gate Bridge
16,9f6ccd0d89d53542,44418,Grand Canyon
17,2adbd24157c98406,30675,Stonehenge
18,f9791483b9caa149,80307,Washington Monument
19,5eb954add7857807,33271,Rano Raraku Volcano
20,82526f126424a562,44418,Grand Canyon
21,09fcddab3a3abb4b,80307,Washington Monument
22,4a8584e969b62882,43412,Golden Gate Bridge
23,ecd083ff5d75d3ed,64537,Monticello
24,870077747021b208,44418,Grand Canyon
25,ee3dbe5e04887d7d,72649,Table Mountain
26,413de16891a02b91,39351,The Rotunda
27,f0eeb855631037a1,43412,Golden Gate Bridge
28,8ead1b212216edb1,72649,Table Mountain
29,cd2c57a74864d83f,40333,Eiffel Tower
30,e0f1d09d40654d9f,58504,Himeji Castle
31,2b40f93a7ccc816c,38652,Lincoln Financial Field
32,4e294f8da3353009,43412,Golden Gate Bridge
33,28edfb6e0123552b,72649,Table Mountain
34,b9036b47205e76c3,44418,Grand Canyon
35,e3816b1946ac9cf0,80307,Washington Monument
36,cd5b3ffb0f0d676d,40333,Eiffel Tower
37,dd722759a19e0cec,80307,Washington Monument
38,6b6d87c0197ef905,14790,Times Square
39,fa5ce6916944041c,80307,Washington Monument
40,983294950fdb1e31,44418,Grand Canyon
41,fe71bbdd7bd633d2,44418,Grand Canyon
42,f92b913babc39abb,82091,Loch Ness
43,cf38f3c5809d8f01,72649,Table Mountain
44,ae449f5f166afd1b,39351,The Rotunda
45,b3dafdc8f21d399b,30675,Stonehenge
46,6fc1130853e84590,43412,Golden Gate Bridge
47,558660a189f09e6a,83439,Great Wall of China at Mutianyu
48,41bd0b92be0eb65e,64537,Monticello
49,660e531b6fa97b70,72649,Table Mountain
50,ce5ca728f2024ce6,43412,Golden Gate Bridge
51,a284ea20efb71912,44418,Grand Canyon
52,a5715d3144a1b6b6,44418,Grand Canyon
53,b2bc203df28d6b73,80307,Washington Monument
54,a877797804cee8ed,82091,Loch Ness
55,684162431f6da6ba,40333,Eiffel Tower
56,42955b0a06fe8e1b,44418,Grand Canyon
57,2fc523267aacf5c0,44418,Grand Canyon
58,f122ac42e2be7e9f,43412,Golden Gate Bridge
59,92b2ce0eba4afd97,43412,Golden Gate Bridge
60,6f3535d9a91b591b,39351,The Rotunda
61,0ce6f3b8acdd4f27,44418,Grand Canyon
62,1e1e03cb93393f41,44418,Grand Canyon
63,87f0a8f7dfe60428,43412,Golden Gate Bridge
64,66d127e8a562f8fc,44418,Grand Canyon
65,5949db2aecffc1c2,44418,Grand Canyon
66,bdc7457013b782a1,83439,Great Wall of China at Mutianyu
67,faf84594429146fd,44418,Grand Canyon
68,acb42ae26d1027b5,64537,Monticello
69,e6df99b680b781dd,64537,Monticello
70,c4747716026c2afb,72649,Table Mountain
71,68eeeebbf6aa681b,13542,Hagia Sophia
72,0a8f9f8a9ab238ea,10924,Machu Picchu
73,ab81cf9b4f7fb89d,44418,Grand Canyon
74,7dcff31d0b7ba739,44418,Grand Canyon
75,cc38cc89aa4bc551,83439,Great Wall of China at Mutianyu
76,778240d4a84d85e3,44418,Grand Canyon
77,0ee0b8c445d80d6d,64537,Monticello
78,ecc780a86b41927a,43412,Golden Gate Bridge
79,1993abed944499b2,91294,Montpelier
80,445fee5ec799c39b,48268,Cristo Redentor
81,20c3f5091f2184b0,72649,Table Mountain
82,97db60498c346c1d,72649,Table Mountain
83,5c552c7b5dbd5ee1,43412,Golden Gate Bridge
84,199fd8f2704f4ca5,72649,Table Mountain
85,941758f3c2f76023,65436,"Downtown Washington, D.C."
86,6fb92ce03299a083,91294,Montpelier
87,cb7d3a872c580273,44418,Grand Canyon
88,d5db09bf128c8ba3,80307,Washington Monument
89,bedc76b06e5ff5dd,44418,Grand Canyon
90,6240825055c72e1e,24996,Temple of Zeus in Olypmia
91,98bd1249e6c696b9,39351,The Rotunda
92,f06b13e6b809f202,72649,Table Mountain
93,a7bf7b1d6a59f9f2,44418,Grand Canyon
94,ea1392df2450deb5,85575,"Olympiapark, Munich"
95,e9690bf8a6c040da,44418,Grand Canyon
96,afda06dceca623d3,43412,Golden Gate Bridge
97,3be062dc4de03d3d,43412,Golden Gate Bridge
98,baaeea91bf56094a,64537,Monticello
99,77caabd14494fcc9,80307,Washington Monument
100,11b390825cf6306a,80307,Washington Monument
101,cee14bfb5dfc5a5f,40333,Eiffel Tower
102,0e5dbd59b99efd7b,43412,Golden Gate Bridge
103,762ee965bf4a2a76,64537,Monticello
104,248a8faf516891ea,58504,Himeji Castle
105,755831de0ee33f31,80307,Washington Monument
106,17858be0d78e6ac2,44418,Grand Canyon
107,2641260c1319ad9a,14790,Times Square
108,ce75c2b286eb1bf0,65436,"Downtown Washington, D.C."
109,b7c64e845e1726e3,48268,Cristo Redentor
110,b25b73b33d0c3a55,80307,Washington Monument
111,cc1077b1cfa4d656,64537,Monticello
112,2aa0aa888f2577b3,80307,Washington Monument
113,a30acad3fa1b3d1b,44418,Grand Canyon
114,a1e7188e5e7b1d0b,43757,Great Pyramid of Giza
115,61f3c0d18eac49fc,43412,Golden Gate Bridge
116,f0e7143e22b6f4e9,39351,The Rotunda
117,a9a6db1484896599,44418,Grand Canyon
118,62c775ef7cf6485e,43412,Golden Gate Bridge
119,25af1e2a2800135f,43412,Golden Gate Bridge
120,1c0fb63d10bb5d66,43412,Golden Gate Bridge
121,fd8bc0f782dbb131,80307,Washington Monument
122,df5751a42e851ad1,80307,Washington Monument
123,6cf8204e97245b9c,43412,Golden Gate Bridge
124,fe8abb0818169c26,39351,The Rotunda
125,9a539626c8fbf78c,38652,Lincoln Financial Field
126,cb6bc21a9c6d32a6,43412,Golden Gate Bridge
127,2fcfb7e9f1f2dba0,43412,Golden Gate Bridge
128,fee1c08815ada232,64537,Monticello
129,a94aa7b790dd6755,44418,Grand Canyon
130,967a646e847e7306,43412,Golden Gate Bridge
131,c292596d615f741b,44418,Grand Canyon
132,63f0e4c822c7d3dd,44418,Grand Canyon
133,f218fba7fd93957d,44418,Grand Canyon
134,f5134c9a083fcada,44418,Grand Canyon
135,2d7b1aa28ba4ce36,80307,Washington Monument
136,634621a1a1c40c5d,44418,Grand Canyon
137,8b8f78c90a67cbd4,58504,Himeji Castle
138,aaae5de19fee588f,39351,The Rotunda
139,f699fe0ecd534ae4,44418,Grand Canyon
140,27e1df50fd8b60cc,82091,Loch Ness
141,e0c0cc3e701fb2f0,44418,Grand Canyon
142,f3daacce4ea97bfa,44418,Grand Canyon
143,a3fc5cbee6ca5b51,43412,Golden Gate Bridge
144,4ee071bf417ce43c,72649,Table Mountain
145,6974bfefac7911de,64537,Monticello
146,662d3e306018848d,44418,Grand Canyon
147,aee3439ddfaabdc8,44418,Grand Canyon
148,a39116e9a15cc8fc,39351,The Rotunda
149,6e866f77933b167c,72649,Table Mountain
150,5fe39bfee30ea9e6,43757,Great Pyramid of Giza
151,b482888b223ed18a,44418,Grand Canyon
152,f5475880bc40c6e9,44418,Grand Canyon
153,b77fafad295ba204,44418,Grand Canyon
154,76a47b64924fae9b,44418,Grand Canyon
155,5248e5efbfbe49b6,44418,Grand Canyon
156,c68abb5fb894fe90,77972,Petra (Jordan)
157,6674b74ae6904bca,43412,Golden Gate Bridge
158,ec738a9878cd3c84,80307,Washington Monument
159,3e2ac295913f4ad5,39351,The Rotunda
160,e7f4914a1176d4b3,85433,Hiroshima Peace Memorial Park
161,b7ad61056a5b813c,44418,Grand Canyon
162,803138f4468664c4,44418,Grand Canyon
163,6f40174aed322424,44418,Grand Canyon
164,c8c0e1d84df755d6,44418,Grand Canyon
165,7195efee229f5093,43412,Golden Gate Bridge
166,6befc6cdc55d2e28,64537,Monticello
167,70d31a5bc95677ce,44418,Grand Canyon
168,c6e058bb3d1c6016,64537,Monticello
169,50996a9560855996,44418,Grand Canyon
170,14803c9f25e1eda7,38652,Lincoln Financial Field
171,9610f4934c2b3fa4,43412,Golden Gate Bridge
172,97575223f9a6cde5,82091,Loch Ness
173,5e1a2d8a16e0b5df,72649,Table Mountain
174,ff9cc15fd38ea1a6,44418,Grand Canyon
175,cfb1d80417ebb5ab,44418,Grand Canyon
176,17670845805c26f9,43412,Golden Gate Bridge
177,72668cced4528edb,72649,Table Mountain
178,8aa873b611000f84,43412,Golden Gate Bridge
179,320c903016ba6ba5,80307,Washington Monument
180,b9aabb3d2a2ea9c7,64537,Monticello
181,d566b8c3d1fa2d40,80307,Washington Monument
182,17208f522e0aafe3,44418,Grand Canyon
183,4839ac06e2f6f3df,44418,Grand Canyon
184,7ebb7e9a0af6bcb4,44418,Grand Canyon
185,074d485901857707,44418,Grand Canyon
186,81a28ea62ad285a6,44418,Grand Canyon
187,f599bc5026038541,80307,Washington Monument
188,f031fd4054f24237,40333,Eiffel Tower
189,afe88e551bfc48f5,44418,Grand Canyon
190,dbecbd776980fc2b,44418,Grand Canyon
191,7c466e13074fc9fb,72649,Table Mountain
192,ea3d63991a77ae22,80307,Washington Monument
193,2785732bcfda0ba1,73248,Temple of Artemis
194,992cc2ccacd38995,44418,Grand Canyon
195,eef4bbae95b7ef52,64537,Monticello
196,45234695319c4c5f,38652,Lincoln Financial Field
197,c6f085943d7925b2,80307,Washington Monument
198,05d8b68ba966f9bb,44418,Grand Canyon
199,1cc53f1c8ef07d57,44418,Grand Canyon
200,c6d3f736ddd2cb3c,44418,Grand Canyon
201,2e330834152b9594,72649,Table Mountain
202,ccc5089b91a7ad86,40333,Eiffel Tower
203,b5a55a0002209d73,43412,Golden Gate Bridge
204,37a0fe9e3c15c6cb,64537,Monticello
205,62e82f1f3744decf,80307,Washington Monument
206,502b1f72241cfd11,43412,Golden Gate Bridge
207,26f5b6e08f524e8b,44418,Grand Canyon
208,1adb04090b919321,43412,Golden Gate Bridge
209,c1469e50084d3520,80307,Washington Monument
210,13d5f48b781515ed,44418,Grand Canyon
211,f1b21cf1a6606082,83439,Great Wall of China at Mutianyu
212,683be64f6d93000a,44418,Grand Canyon
213,a6788a7fa7e2fbdb,43412,Golden Gate Bridge
214,3b9d6678b15809b4,43412,Golden Gate Bridge
215,1653f50e9efcc6d0,30675,Stonehenge
216,81ba5e9d3ba600e9,82091,Loch Ness
217,92da39ab244b627b,83439,Great Wall of China at Mutianyu
218,17aa1bc92485d4bf,80307,Washington Monument
219,593a2e6ab00a42a1,82091,Loch Ness
220,57ce866fb1151d03,44418,Grand Canyon
221,1a676098eb3b5cb1,80307,Washington Monument
222,8f4551b60fc76c4c,44418,Grand Canyon
223,fe129b536c9175c9,44418,Grand Canyon
224,837d841d27652947,44418,Grand Canyon
225,a39d430a4bdf0418,39351,The Rotunda
226,e1ff59b1d0311e16,77887,Victoria Falls Bridge
227,963f95b5d43aef5c,40333,Eiffel Tower
228,7a58664c977ea10e,44418,Grand Canyon
229,fa21ed32f47951bc,44418,Grand Canyon
230,ec0cd805c0bb7e37,80307,Washington Monument
231,4660504d2e877940,64537,Monticello
232,bb1b4bc8300c62c2,40333,Eiffel Tower
233,9df36ef6705f3c91,43267,Brandenburg Gate
234,3ba9ba3f15639226,44418,Grand Canyon
235,e65c8c831784394c,44418,Grand Canyon
236,486991aad29612d2,44418,Grand Canyon
237,f80589d2a5443ef3,44418,Grand Canyon
238,2b0f270151c45439,44418,Grand Canyon
239,faba528b60321afc,72649,Table Mountain
240,5ea905ba5d2a225c,44418,Grand Canyon
241,3c9b0023614c4285,80307,Washington Monument
242,f03de790290098ba,44418,Grand Canyon
243,1a7eb4a6a98bee5e,43412,Golden Gate Bridge
244,4499511f91a22924,43412,Golden Gate Bridge
245,002c5d29196ff26d,14790,Times Square
246,db430bef6ae4e148,85575,"Olympiapark, Munich"
247,d08d672678533e48,43412,Golden Gate Bridge
248,f20881b0f81c2e1c,43412,Golden Gate Bridge
249,e31f60a74f3962f3,43412,Golden Gate Bridge
250,004f71969864e68a,44418,Grand Canyon
251,11d5ce40105c098c,34274,The London Eye
252,f8575f518979f754,43412,Golden Gate Bridge
253,1d64690a3b4c0499,44418,Grand Canyon
254,60fd1e74e9727b6e,44418,Grand Canyon
255,13b786f4c58e4785,80307,Washington Monument
256,41735e5e294907a7,44418,Grand Canyon
257,711e9f6b1b18608c,44418,Grand Canyon
258,06bed67449af5799,44418,Grand Canyon
259,e8c4e98117e17a1c,91294,Montpelier
260,ecbdede06816c0ab,64537,Monticello
261,1942ed5112f555ab,44418,Grand Canyon
262,931743c289558e43,39351,The Rotunda
263,3e65b4f1305e271c,40333,Eiffel Tower
264,cd69e5a9280c7a4f,44418,Grand Canyon
265,dcba1c179e521c69,80307,Washington Monument
266,048fcdfa50a02c9b,43412,Golden Gate Bridge
267,765eb7d6e7b2843d,72649,Table Mountain
268,ea81da28727d1f87,44418,Grand Canyon
269,1f4ea4c6ab4ca776,72649,Table Mountain
270,a403aedcf2377c28,40333,Eiffel Tower
271,415319f979ce2de2,24996,Temple of Zeus in Olypmia
272,fb057ea0f41bb9db,72649,Table Mountain
273,190fce00a61638fa,77972,Petra (Jordan)
274,dd369dce6561bf16,44418,Grand Canyon
275,9eddbdf3a0c2ca09,39351,The Rotunda
276,f2fcc3f640033048,44418,Grand Canyon
277,091b651e8390cf73,43412,Golden Gate Bridge
278,ac4a6aa55c4db895,44418,Grand Canyon
279,66c5721563868e19,40333,Eiffel Tower
280,4cf49487ba46e3d3,43412,Golden Gate Bridge
281,05bcc60d209e34f1,39351,The Rotunda
282,b359e10c99cc6605,82091,Loch Ness
283,ac1b7179fc4bd624,43757,Great Pyramid of Giza
284,0098bbcd31cc12c1,82091,Loch Ness
285,a4d09bd71f664ad9,43412,Golden Gate Bridge
286,991795565ee14b9e,44418,Grand Canyon
287,6ec6918a83f7b054,44418,Grand Canyon
288,3afff157c72ab747,44418,Grand Canyon
289,8376f821721ff2f7,65436,"Downtown Washington, D.C."
290,e55f0299771ea646,44418,Grand Canyon
291,5b65b166797ab7d7,43412,Golden Gate Bridge
292,c361acc4cf8a2f9c,43412,Golden Gate Bridge
293,904685a85b94d538,80307,Washington Monument
294,b3cfe2bc018e8973,72649,Table Mountain
295,bc85f9055ec50556,64537,Monticello
296,5af4a7f20f4e0b97,30675,Stonehenge
297,d5000c3f85605477,72649,Table Mountain
298,c493313d71d4da68,64537,Monticello
299,5c8e3c0a7e6565e9,44418,Grand Canyon
300,f074ad53ce20bdb3,64537,Monticello
301,26fd9abde35c34e7,43412,Golden Gate Bridge
302,5c190e49ce8afe53,44418,Grand Canyon
303,a2b8d9162e65cee3,80307,Washington Monument
304,b9bf19899036ccd7,43412,Golden Gate Bridge
305,1d3933447e713dac,43412,Golden Gate Bridge
306,ba52cc9aa9c3c4ff,80307,Washington Monument
307,d65e56c432d1777a,65436,"Downtown Washington, D.C."
308,bfb971e050ee3aad,38652,Lincoln Financial Field
309,7b1bfcb16d83ec1d,73248,Temple of Artemis
310,ae8e3b6fa857e8c1,80307,Washington Monument
311,678035bf550da62c,44418,Grand Canyon
312,16090a66a97a478d,65436,"Downtown Washington, D.C."
313,bad491b3882b2b3f,40333,Eiffel Tower
314,a2fd93afef50a77c,64537,Monticello
315,77c52214a3d0234d,38652,Lincoln Financial Field
316,d87a735191c7a712,43412,Golden Gate Bridge
317,3a262c8a9abc350c,64537,Monticello
318,4d57c8bb8e1a090c,72649,Table Mountain
319,c14ff3721c402ba2,39351,The Rotunda
320,3a199c7e2332cc05,40333,Eiffel Tower
321,1d089eb20c5e91ab,43412,Golden Gate Bridge
322,cca7205a558b9b5f,44418,Grand Canyon
323,9d41f2c4ad95dd55,44418,Grand Canyon
324,3721bfdeb2260950,64537,Monticello
325,eb5380f5f1a01c80,44418,Grand Canyon
326,7795d23f4d7c4043,80307,Washington Monument
327,c3f468305c5e0392,43412,Golden Gate Bridge
328,9b67d23197116a4a,44418,Grand Canyon
329,a0057976f34602c6,91294,Montpelier
330,0c2867e30188a5b9,64537,Monticello
331,88059aa228415204,44418,Grand Canyon
332,16572e8e8d6a9e56,14790,Times Square
333,3359bfa9e7d24f8f,44418,Grand Canyon
334,37bfc8291aef917c,44418,Grand Canyon
335,63f4e748d5715fc5,39351,The Rotunda
336,8f1bf57800ddce81,38652,Lincoln Financial Field
337,601e9948bfaa4d7a,57570,Lion Island (New South Wales)
338,c5688c18ec790881,82091,Loch Ness
339,0386c9daa600e12e,44418,Grand Canyon
340,a9478bdb410d3ca4,44418,Grand Canyon
341,772f17b70f35898d,80307,Washington Monument
342,9986768de0535117,43267,Brandenburg Gate
343,54a662f6698f33db,77887,Victoria Falls Bridge
344,a39ec9940bed1d25,72649,Table Mountain
345,de73efb212431f66,44418,Grand Canyon
346,cdeedbbe1116fae1,39351,The Rotunda
347,c2d3920643867c72,64537,Monticello
348,59b1c90553cd448e,14790,Times Square
349,2a851cc69618ed1c,43412,Golden Gate Bridge
350,b26812075135d509,38652,Lincoln Financial Field
351,5f6d2dad797a3cb6,43412,Golden Gate Bridge
352,293bdc6f63a34583,72649,Table Mountain
353,2378f32dfc432922,40333,Eiffel Tower
354,7311d1ed253f0dff,43412,Golden Gate Bridge
355,5b8f3d14f4914710,43412,Golden Gate Bridge
356,4e8228c76fac2764,30675,Stonehenge
357,44a407666be95a87,43412,Golden Gate Bridge
358,c476c7696f5bd3cd,39351,The Rotunda
359,33116cd3f635138d,44418,Grand Canyon
360,4dfd4e6577a24175,44418,Grand Canyon
361,f7c08341fe39762d,64537,Monticello
362,a14b78185fb03a3e,43412,Golden Gate Bridge
363,1d7e2c7b670d5fca,44418,Grand Canyon
364,ae29d3614e3ff2f5,58504,Himeji Castle
365,e38001b722533739,44418,Grand Canyon
366,1824ebb989e642be,44418,Grand Canyon
367,ba759f6e312ad771,72649,Table Mountain
368,0ff6b3356033fd95,80307,Washington Monument
369,6f4bda753280c0da,44418,Grand Canyon
370,6ffe07d99e7aa72c,44418,Grand Canyon
371,3ce40e0edd320f4c,39351,The Rotunda
372,025d9bfdfb9aa6db,43412,Golden Gate Bridge
373,5ad150f9986ebe92,72649,Table Mountain
374,9b466b4d059da9c6,91294,Montpelier
375,3529b278c7bf1b4c,80307,Washington Monument
376,9c6ad58a8fc3dcde,82091,Loch Ness
377,723cf581ec08f3c6,10924,Machu Picchu
378,70941708b532b8e6,65436,"Downtown Washington, D.C."
379,4b352826bbea84ce,72649,Table Mountain
380,5c35f4daf14c3305,44418,Grand Canyon
381,ec9e8bfed2acb8a4,44418,Grand Canyon
382,c0bbe5de8b6818db,38652,Lincoln Financial Field
383,4ee9253b0fb23b0e,72649,Table Mountain
384,9be654af2503ddf0,39351,The Rotunda
385,4fdbcf91ef4ed057,82091,Loch Ness
386,53f1cf485bcd9d37,39351,The Rotunda
387,654491aaa74f21b7,64537,Monticello
388,2377f2ff465aec7c,80307,Washington Monument
389,690a14c6f0174d50,82091,Loch Ness
390,bd4ae3cc8342f893,43412,Golden Gate Bridge
391,6b2d5371a2a25d8f,82091,Loch Ness
392,a58ae842bc7f7f8c,44418,Grand Canyon
393,4a0075409b00bdc9,44418,Grand Canyon
394,c70f4486546c6c6d,40333,Eiffel Tower
395,7162ed0e0704cac1,64537,Monticello
396,91bd21d8958a1ddf,39351,The Rotunda
397,135ddb7d7baaf441,43412,Golden Gate Bridge
398,1b8fae8d5840b173,43412,Golden Gate Bridge
399,97d7d85753999c16,44418,Grand Canyon
400,a4a255fbf53d1288,64537,Monticello
401,fb2b87fdf758b043,14790,Times Square
402,656694e5fbf78435,30675,Stonehenge
403,a3cc35b397d83ce4,44418,Grand Canyon
404,7fe3ca8c3cc5945b,44418,Grand Canyon
405,5cbe233a152861be,44418,Grand Canyon
406,81cc6d8cf6994a5d,14790,Times Square
407,d531de0805b0eb90,43412,Golden Gate Bridge
408,4dd0e5e7e3f94931,43412,Golden Gate Bridge
409,0f1ff3eb1137da84,91294,Montpelier
410,55ad5462190d7cd0,34274,The London Eye
411,d7d65b0755002426,43412,Golden Gate Bridge
412,79ded6dc06d8bf29,30675,Stonehenge
413,f81f4694f4c45bcd,44418,Grand Canyon
414,80ad67693525cb33,43412,Golden Gate Bridge
415,267f133c4ef78cda,39351,The Rotunda
416,12b154a0a6fba261,44418,Grand Canyon
417,f63ba5f65fb3186e,48268,Cristo Redentor
418,35f61e40ffb33357,43267,Brandenburg Gate
419,4c709ac16a2c652e,10924,Machu Picchu
420,4c9fb84ea88aaa34,30675,Stonehenge
421,473719b6a3ca6a93,64537,Monticello
422,46598c164767086e,80307,Washington Monument
423,1b67875256e85a5a,43412,Golden Gate Bridge
424,0c0a8c9119e22610,91294,Montpelier
425,063ac99d4dc85726,64537,Monticello
426,11a88cc5a519783c,64537,Monticello
427,f92e20e8ed2f4191,43412,Golden Gate Bridge
428,a07e1e13ae55e661,44418,Grand Canyon
429,268b8108194f5506,30675,Stonehenge
430,74025707eeaeae75,64537,Monticello
431,7aab1130a2571488,43412,Golden Gate Bridge
432,e866eeaf019071d2,91294,Montpelier
433,791e67c61674dcf6,44418,Grand Canyon
434,f8aa3d0ce0cb8d25,80307,Washington Monument
435,4df21d987615c1c4,80307,Washington Monument
436,b4b7b978e8bb5df0,44418,Grand Canyon
437,7df3b366eb3ce0b6,43412,Golden Gate Bridge
438,5b4baa90c4bd5415,44418,Grand Canyon
439,19f2f303f3849844,77887,Victoria Falls Bridge
440,60639427a4e2e4f4,44418,Grand Canyon
441,b9e9bc209cf5a235,40333,Eiffel Tower
442,ff28ddd57ce350d7,64537,Monticello
443,72246dc33a064cf2,44418,Grand Canyon
444,229c03317209bc70,80307,Washington Monument
445,cd1c7d0a47347d35,65436,"Downtown Washington, D.C."
446,491cefb1e6d2bb8b,85433,Hiroshima Peace Memorial Park
447,70d7485aa755a3a8,14790,Times Square
448,fea07a7bbfe577ad,44418,Grand Canyon
449,ca36b0ce248a2ae8,65436,"Downtown Washington, D.C."
450,585eb00421cef656,44418,Grand Canyon
451,ef54999314395b33,44418,Grand Canyon
452,9208e58fbd5cafc7,80307,Washington Monument
453,b18c8089534a2921,91294,Montpelier
454,4d337bb349fe0397,91294,Montpelier
455,2d22c875e7ba7fcf,77887,Victoria Falls Bridge
456,db7b589114401edf,58504,Himeji Castle
457,a53213efb41d3bee,44418,Grand Canyon
458,b7cff5ce3d8bf07c,44418,Grand Canyon
459,339f2a125cb3a109,10924,Machu Picchu
460,84a389269b3aae09,43412,Golden Gate Bridge
461,2b23c405faf0ac36,72649,Table Mountain
462,eabd79cbef97b73b,44418,Grand Canyon
463,07c0b2af3754c914,40333,Eiffel Tower
464,8f5a3cbd71655dd9,40333,Eiffel Tower
465,ead61653851125e5,72649,Table Mountain
466,f2b1a2448b1f07be,40333,Eiffel Tower
467,6bdd5704bddf819c,65436,"Downtown Washington, D.C."
468,1f3fd0e39876b20f,44418,Grand Canyon
469,a28f7ce32ea402ce,38652,Lincoln Financial Field
470,fc22e1f280a3338e,14790,Times Square
471,2b1756854813fe77,40333,Eiffel Tower
472,42f21d6ea590a1ca,72649,Table Mountain
473,1f882b2945a0a9fc,91294,Montpelier
474,639c63ed9de3b136,64537,Monticello
475,9680310948050095,40333,Eiffel Tower
476,9632adf11e52be03,72649,Table Mountain
477,bedb532a52e5339c,44418,Grand Canyon
478,13657f21f1c091f1,91294,Montpelier
479,4b4cd869fb6dc2a0,38652,Lincoln Financial Field
480,e2a2e88b0d9bdc42,43412,Golden Gate Bridge
481,8925c1345fc89024,64537,Monticello
482,6ba31a91252aa675,43412,Golden Gate Bridge
483,02494474bd9795f9,44418,Grand Canyon
484,9970ae09b81424b7,44418,Grand Canyon
485,8683acdbf7c2780b,44418,Grand Canyon
486,2c800bc68f672b15,30675,Stonehenge
487,bb582304074c5f6b,30675,Stonehenge
488,4708f914f7bc6e58,44418,Grand Canyon
489,4df2f71b5113462f,83923,Taj Mahal
490,104534392329b617,43412,Golden Gate Bridge
491,d22d6cfb07fc4a47,80307,Washington Monument
492,f65f30b5d3404c14,43412,Golden Gate Bridge
493,4a7bd572cae1f66c,44418,Grand Canyon
494,4e688a4d6013b668,10924,Machu Picchu
495,5677d94aaccc91d9,43412,Golden Gate Bridge
496,91ce0490fd27248b,80307,Washington Monument
497,8baf5bc8d2e57cc1,10924,Machu Picchu
498,fd5fb138f69e42e4,48268,Cristo Redentor
499,e33a8abf7c84de7b,48268,Cristo Redentor
500,a2381e025335f5fd,44418,Grand Canyon
501,58ffd5128c58425e,80307,Washington Monument
502,93f014e3f03226c2,43412,Golden Gate Bridge
503,e78789443162d4b6,44418,Grand Canyon
504,4657bf70e3b88ccd,64537,Monticello
505,48b580102849886e,64537,Monticello
506,c523e21ade89386a,44418,Grand Canyon
507,e2ab6ef951d635a4,72649,Table Mountain
508,c3ff7135f58d9696,72649,Table Mountain
509,610f0521fc2d0fd4,44418,Grand Canyon
510,22efd195f41293d8,44418,Grand Canyon
511,e4ea4cdeba94273b,39351,The Rotunda
512,7ed52520b2f0aca4,65436,"Downtown Washington, D.C."
513,0518fbf2e053dc1c,80307,Washington Monument
514,0b6fb82242f0a60f,43757,Great Pyramid of Giza
515,903782fd8c04d260,31913,Sierra Negra (Galapagos)
516,f64782d8def04162,43412,Golden Gate Bridge
517,461bc75db59853e4,44418,Grand Canyon
518,41417626aa9b4626,72649,Table Mountain
519,8f43ec84e23cd775,44418,Grand Canyon
520,9900671832a373de,44418,Grand Canyon
521,d04bd5ad2f060c3a,80307,Washington Monument
522,2b3d8e60971d228a,44418,Grand Canyon
523,10be36f2e7077022,64537,Monticello
524,cbc7078d21f3761a,91294,Montpelier
525,ba179933bad580eb,43412,Golden Gate Bridge
526,5899df8bc3607dfb,30675,Stonehenge
527,06196bcfedead2ef,43412,Golden Gate Bridge
528,3a59e6a590df748f,30675,Stonehenge
529,11d5ae30d245269f,85575,"Olympiapark, Munich"
530,71f606468fcd3542,38652,Lincoln Financial Field
531,d43af79ff5b61481,44418,Grand Canyon
532,52ed4a415703a64b,43412,Golden Gate Bridge
533,e630417493ba55fe,44418,Grand Canyon
534,d6f3e551315d5745,72649,Table Mountain
535,db6eecc14916e561,40333,Eiffel Tower
536,6149309c0d6fe491,44418,Grand Canyon
537,3ba667cd33004be2,39351,The Rotunda
538,7b3c7006e584ca0c,72649,Table Mountain
539,7d1833229a4863b3,80307,Washington Monument
540,42507b5f4cd0b8df,58504,Himeji Castle
541,07b40eb5cf3bd47b,44418,Grand Canyon
542,04a3e3c7d9378dc7,10924,Machu Picchu
543,c39b969d4bee4a2f,82091,Loch Ness
544,dca2b28b8929383c,65436,"Downtown Washington, D.C."
545,8db07f8736be379c,80307,Washington Monument
546,96c48cdad655f418,72649,Table Mountain
547,0f626d561a48ea67,14790,Times Square
548,3562b9d0ac3a3cab,39351,The Rotunda
549,67b76e319f058198,44418,Grand Canyon
550,b442a0d2d6e5a2da,65436,"Downtown Washington, D.C."
551,5a28317c626d774c,72649,Table Mountain
552,5ef8e76cfbeb78fb,44418,Grand Canyon
553,34d4c868e8b470c8,43412,Golden Gate Bridge
554,9d64bb115cc5dda4,40333,Eiffel Tower
555,6ead4b792aa68128,82091,Loch Ness
556,392d7da49c522bb3,44418,Grand Canyon
557,c0d5556519648c64,44418,Grand Canyon
558,7049640e0c50df29,44418,Grand Canyon
559,05a3f8417364c7ed,44418,Grand Canyon
560,448100ea7578d9b7,64537,Monticello
561,a6ca386347588fa2,72649,Table Mountain
562,1cb05a8912890b8c,44418,Grand Canyon
563,412eab0ee5d87550,43412,Golden Gate Bridge
564,336d9ece6bbbe92c,44418,Grand Canyon
565,b3202d1069801e12,72649,Table Mountain
566,b92ebbb9684ea1cb,91294,Montpelier
567,718d79c9c0502f72,65436,"Downtown Washington, D.C."
568,dfc9705b2c8fc12a,43412,Golden Gate Bridge
569,98063a939715ea80,43412,Golden Gate Bridge
570,1390b92e9da80a00,38652,Lincoln Financial Field
571,45a34073625ef65a,80307,Washington Monument
572,202faa247c31e1ed,44418,Grand Canyon
573,6367ca39ef47eb06,83439,Great Wall of China at Mutianyu
574,5e90e0edcee18a64,91294,Montpelier
575,ee1d8db4766097d0,80307,Washington Monument
576,3d90f2c878a23eff,44418,Grand Canyon
577,078a2ce8eb9c9567,43412,Golden Gate Bridge
578,bd8ebce6c869e955,71671,The Parthenon
579,fe16c925498d6f8b,43412,Golden Gate Bridge
580,93423d2d590b7983,85575,"Olympiapark, Munich"
581,6a157b84d7334f42,43267,Brandenburg Gate
582,4e9a36f70d9a73e6,44418,Grand Canyon
583,c4531a18d46dbefc,44418,Grand Canyon
584,6862787f92acc714,91294,Montpelier
585,779100861bd488d6,64537,Monticello
586,ea8233c9f46fe14d,44418,Grand Canyon
587,8dba0ac29c92f311,39351,The Rotunda
588,59ed297b5a4d5e85,65436,"Downtown Washington, D.C."
589,2977fc903d888bb6,10924,Machu Picchu
590,13209de95b7cb1d1,39351,The Rotunda
591,3979ce4a19995964,43412,Golden Gate Bridge
592,d56f7d7212092109,43412,Golden Gate Bridge
593,6fc20377c8a1c312,44418,Grand Canyon
594,806cd44e8ed6440a,44418,Grand Canyon
595,f4609191aace7ae6,44418,Grand Canyon
596,21356c0dd5383c2d,43412,Golden Gate Bridge
597,990ee72d6c2bb571,83439,Great Wall of China at Mutianyu
598,f6f909121446a0be,72649,Table Mountain
599,416adbcb5a9bfaa9,43412,Golden Gate Bridge
600,78dc1dd8a0ae073f,43412,Golden Gate Bridge
601,7260ec303f9e072d,43412,Golden Gate Bridge
602,a35b6cd4f4d5858b,43412,Golden Gate Bridge
603,bd0c4efe2bbefe57,38652,Lincoln Financial Field
604,49658f5573f9e5d2,38652,Lincoln Financial Field
605,e703ded3e4028d0c,44418,Grand Canyon
606,9eb7de99cde2b273,80307,Washington Monument
607,00f209134f4378a6,44418,Grand Canyon
608,dba8eaba7dae12d8,40333,Eiffel Tower
609,dfb2a9e75b6291cf,43412,Golden Gate Bridge
610,c81cafde2f36470c,85433,Hiroshima Peace Memorial Park
611,74839934eb63ff0b,72649,Table Mountain
612,ac7344db89724353,80307,Washington Monument
613,15cdedfe0c2b8f40,43412,Golden Gate Bridge
614,47c260e4fce6f974,30675,Stonehenge
615,a11fe6266528c846,43412,Golden Gate Bridge
616,bef2d6c1af868e69,44418,Grand Canyon
617,4e9463046657821e,44418,Grand Canyon
618,66c24049898aaebd,83439,Great Wall of China at Mutianyu
619,2474cf9bbbf0b4db,44418,Grand Canyon
620,0bfd58e68fb2dabd,44418,Grand Canyon
621,152e2b64d7866c03,34274,The London Eye
622,aacd52cb92b60f7e,43412,Golden Gate Bridge
623,a0d8111a7a4b5e0a,39351,The Rotunda
624,03e6343ea610dc51,80307,Washington Monument
625,7a11d9144c06b7b7,10924,Machu Picchu
626,3b214eb6d9a2a3af,44418,Grand Canyon
627,662666353d1e1e9d,44418,Grand Canyon
628,0eaeb9b76cb64bf5,43412,Golden Gate Bridge
629,79257e1bdfa274a4,80307,Washington Monument
630,520b8f74628b154c,43412,Golden Gate Bridge
631,84662da51a467678,43267,Brandenburg Gate
632,084dbf22ff7540c9,43412,Golden Gate Bridge
633,1cfd5e8251838ee0,44418,Grand Canyon
634,0f6ba49cf40651fe,44418,Grand Canyon
635,d4053ef7854f5e20,72649,Table Mountain
636,79aa9ae36ac7335c,43267,Brandenburg Gate
637,f05b3fb26d4e5e42,40333,Eiffel Tower
638,cf2ccc7eaed98262,64537,Monticello
639,65b2c043c432b0cf,10924,Machu Picchu
640,8bd2c57ca0323405,43412,Golden Gate Bridge
641,661d40fe6e30b6c4,39351,The Rotunda
642,133a75d876f1f082,64537,Monticello
643,a43887ee0c52c72d,64537,Monticello
644,acd55cc42738cbee,72649,Table Mountain
645,ff6a37b9ca576d1c,44418,Grand Canyon
646,e1cc1d395167cea5,43412,Golden Gate Bridge
647,c1fb9f580d9c5a63,80307,Washington Monument
648,337e5c2bad970f7a,44418,Grand Canyon
649,e5c8760c0f5cbacf,39351,The Rotunda
650,1205806b32a3fa45,43412,Golden Gate Bridge
651,853337c9b9d85f77,44418,Grand Canyon
652,240937157ec40632,64537,Monticello
653,d01f34793a535e9d,72649,Table Mountain
654,ee85f142ec56be50,44418,Grand Canyon
655,bd246865d85b0f9f,44418,Grand Canyon
656,c4fdfb4a9cd10b9d,80307,Washington Monument
657,f4fdd0bddbd9b39b,44418,Grand Canyon
658,9010acd2cfdf00ba,64537,Monticello
659,60da4cd62a0a370b,72649,Table Mountain
660,24b8863fcbf757cb,43412,Golden Gate Bridge
661,e30f764541a16a58,39351,The Rotunda
662,8afb5c1339c27a2d,72649,Table Mountain
663,13313923353cc986,14790,Times Square
664,bab6f09f91192ee2,43412,Golden Gate Bridge
665,c4468ddc4e410781,40333,Eiffel Tower
666,32c44126eceb2344,44418,Grand Canyon
667,673e117fac5d9d4a,80307,Washington Monument
668,6d799dfcbfc2a7ca,43412,Golden Gate Bridge
669,9f198aa26c781084,44418,Grand Canyon
670,2514e3cb06e8a262,65436,"Downtown Washington, D.C."
671,cf8cfccfc53860bb,64537,Monticello
672,97972efb2ea2eac6,44418,Grand Canyon
673,1b6b145336a26965,64537,Monticello
674,fd47625e430f910f,44418,Grand Canyon
675,0ed8dd40a4eece0a,72649,Table Mountain
676,885654e217c181f6,65436,"Downtown Washington, D.C."
677,7e31a28f1b44ae2d,64537,Monticello
678,ef2307689bab2d03,44418,Grand Canyon
679,d0a0b6394568b1f3,82091,Loch Ness
680,e38e3c722e0b282b,44418,Grand Canyon
681,c35ccf75340ca3fb,31913,Sierra Negra (Galapagos)
682,7161cf2e787d9b2e,44418,Grand Canyon
683,b3c263780313ac6b,64537,Monticello
684,1650b923c116d1bc,64537,Monticello
685,b611e4eea12ef1e6,44418,Grand Canyon
686,dc3ca345ae9fc855,43412,Golden Gate Bridge
687,208ea3fd4205c143,43267,Brandenburg Gate
688,7514049d32eb1c26,80307,Washington Monument
689,6852050ca50ba1fc,80307,Washington Monument
690,12f22f90cf014f4a,30675,Stonehenge
691,bde22d5ed7ebee49,64537,Monticello
692,d927558dd732d336,38652,Lincoln Financial Field
693,1e4c05ab9be4dd08,44418,Grand Canyon
694,d96e8b0604e57b39,43412,Golden Gate Bridge
695,3192ca5bfaa3c00a,43412,Golden Gate Bridge
696,867cc517d961bcc4,44418,Grand Canyon
697,f5753488a6cdf3a7,40333,Eiffel Tower
698,584abcad45d5e0b9,44418,Grand Canyon
699,30236572673df041,64537,Monticello
700,401fe5508a5dc8c4,64537,Monticello
701,99c2b89d2fdf45a0,82091,Loch Ness
702,71825f1139fa0076,44418,Grand Canyon
703,31b0c5d932e0c0d2,40333,Eiffel Tower
704,519970ef739f0435,43412,Golden Gate Bridge
705,1bc776200395a78b,44418,Grand Canyon
706,07977ba08b102f72,80307,Washington Monument
707,9709fa17d47ff4eb,64537,Monticello
708,36f14550dff3f6a5,44418,Grand Canyon
709,5f7b42c3e8935b68,40333,Eiffel Tower
710,adabdba1b7f436d7,43412,Golden Gate Bridge
711,a82347d1576aaf71,44418,Grand Canyon
712,43166074e806bef8,43412,Golden Gate Bridge
713,0ef361630a2a3a9d,10924,Machu Picchu
714,4486b7da301cd75e,72649,Table Mountain
715,030522a6d3508fde,44418,Grand Canyon
716,2d94170ce1503169,44418,Grand Canyon
717,7651712268e4fc3f,65436,"Downtown Washington, D.C."
718,a142917b129a9d0d,44418,Grand Canyon
719,d1a5c82d2626e2fc,44418,Grand Canyon
720,a5b7599fa440e116,80307,Washington Monument
721,40da32baf0d6113d,77887,Victoria Falls Bridge
722,088e73f2f1f22d6b,44418,Grand Canyon
723,8ba4c81d912b7e83,44418,Grand Canyon
724,915f352d059f56d3,72649,Table Mountain
725,2add72ad604a4ade,82091,Loch Ness
726,30f3de680e5811a8,83439,Great Wall of China at Mutianyu
727,fdbb30d139315a7e,72649,Table Mountain
728,1c0053c9f327a25e,44418,Grand Canyon
729,330904207399bcbb,38652,Lincoln Financial Field
730,d77d638ecdaa4b42,82091,Loch Ness
731,622f953859560b8f,44418,Grand Canyon
732,34929a1a084d88c7,64537,Monticello
733,32dcc5c5fb9d886e,14790,Times Square
734,1f1bf224094463b8,44418,Grand Canyon
735,cf4e0e5ea0ce356e,44418,Grand Canyon
736,d955393a923550b8,77887,Victoria Falls Bridge
737,b8a4cb0a358d0de2,44418,Grand Canyon
738,770884138da017bd,44418,Grand Canyon
739,37e80b0c393ef1c7,44418,Grand Canyon
740,a4beaf20224b647d,72649,Table Mountain
741,039b2a076dbd3b9d,40333,Eiffel Tower
742,88db9b6b025491d8,83439,Great Wall of China at Mutianyu
743,3aab5b3e991c0ed2,43412,Golden Gate Bridge
744,750a39708242f2ed,38652,Lincoln Financial Field
745,57a2dc77b3181940,44418,Grand Canyon
746,663c8f65086fb505,82091,Loch Ness
747,2db251cb2413fe28,91294,Montpelier
748,1fba99fa8d2794fa,43412,Golden Gate Bridge
749,8a5d77d95eb2a488,38652,Lincoln Financial Field
750,e244dbf9aa76de0f,64537,Monticello
751,921b6e8cb8201a98,43412,Golden Gate Bridge
752,ded37d1f61e38a27,72649,Table Mountain
753,61722f3079cf45d7,72649,Table Mountain
754,64c8a8f90cc50a55,85433,Hiroshima Peace Memorial Park
755,2a3b85d229c13048,40333,Eiffel Tower
756,24ebf5b64d86c7d7,44418,Grand Canyon
757,a2b3d62e79853c8d,44418,Grand Canyon
758,c6c7d7bd34258f6b,44418,Grand Canyon
759,0f0971ea1dc21ec6,44418,Grand Canyon
760,ab352e20a880e3f1,72649,Table Mountain
761,5a95a08ceb60d616,43412,Golden Gate Bridge
762,010f2a5d27e5d91e,44418,Grand Canyon
763,b6e9ded496cc1728,72649,Table Mountain
764,dcf4f79eb82978d4,58504,Himeji Castle
765,b37e849a5fde8422,64537,Monticello
766,23a990d628b26dde,80307,Washington Monument
767,d3968f504475f165,44418,Grand Canyon
768,28bfa65bfe072d33,40333,Eiffel Tower
769,ab39c82f5da6291a,40333,Eiffel Tower
770,4c42538494f3463c,39351,The Rotunda
771,3e500f83dfde6105,43412,Golden Gate Bridge
772,27657909b04c06af,39351,The Rotunda
773,808c5128cf449eee,44418,Grand Canyon
774,cad1e8215355d2eb,72649,Table Mountain
775,c70b0de196dac1cc,43412,Golden Gate Bridge
776,2826b1cfe8fa9318,31913,Sierra Negra (Galapagos)
777,c9509c81bf0f7a49,44418,Grand Canyon
778,d97dbaa678a5c8de,43412,Golden Gate Bridge
779,a607fee5cef7f1aa,80307,Washington Monument
780,f2b07208c31ca6af,44418,Grand Canyon
781,aa6e71b414e17638,77887,Victoria Falls Bridge
782,5b91347680fa1ee2,44418,Grand Canyon
783,b794a275c0d0e93c,65436,"Downtown Washington, D.C."
784,02c79f2bde1a5bf2,43412,Golden Gate Bridge
785,42a0983cf413df12,44418,Grand Canyon
786,8f1a7c7ca93dc981,91294,Montpelier
787,1c71ba4b62d5e313,91294,Montpelier
788,8f639668d04b6f0d,40333,Eiffel Tower
789,851f255f0ba47727,43412,Golden Gate Bridge
790,e0c29c2a5c826182,43412,Golden Gate Bridge
791,3efa23093730f3ac,44418,Grand Canyon
792,6938b9b610ce8135,72649,Table Mountain
793,664afd6190267107,44418,Grand Canyon
794,7bea63064ec9bb68,40333,Eiffel Tower
795,77b9373d6526a1ba,85575,"Olympiapark, Munich"
796,78694fadfb70ccd7,43412,Golden Gate Bridge
797,da96139bf7b020ef,40333,Eiffel Tower
798,3a1d94ee6c46f732,85575,"Olympiapark, Munich"
799,5142d154ac3cb0ad,91294,Montpelier
800,46feecc0881b43fa,57570,Lion Island (New South Wales)
801,e893797b8a12b298,80307,Washington Monument
802,49cae1814c163b03,44418,Grand Canyon
803,673ca379637ad5c2,91294,Montpelier
804,7ff408269e8f3cd4,44418,Grand Canyon
805,9b39cd3b28eee1ac,82091,Loch Ness
806,7200b62208dedea8,40333,Eiffel Tower
807,ca74b229e380179f,43412,Golden Gate Bridge
808,a5b1cfe7bcf24bde,38652,Lincoln Financial Field
809,e24d1385f863681f,40333,Eiffel Tower
810,ba6626e0caee5116,80307,Washington Monument
811,668c678390c5d22f,44418,Grand Canyon
812,bbfdf0fcaf3c28cf,65436,"Downtown Washington, D.C."
813,9a1a685a3c6bdd5c,44418,Grand Canyon
814,c2addff0ac8c058f,43267,Brandenburg Gate
815,c590f9147c4eb8ac,44418,Grand Canyon
816,3cbb019fcc569e03,30675,Stonehenge
817,d7f1da181bc3d108,82091,Loch Ness
818,aa8caa8a3f18e475,44418,Grand Canyon
819,0c475c4a42cd828f,82091,Loch Ness
820,bf31a1f121703100,72649,Table Mountain
821,5a307c0b636bb71b,14790,Times Square
822,c11d6a55c7e06c75,40333,Eiffel Tower
823,fba51d12ca602e40,44418,Grand Canyon
824,74b471486b3ce988,65436,"Downtown Washington, D.C."
825,6fb1563101bdc7f6,44418,Grand Canyon
826,64a7b7fd63bdd04b,43412,Golden Gate Bridge
827,f8fa2152e682e01f,44418,Grand Canyon
828,9fd8ecbb8f9249a1,10924,Machu Picchu
829,d80bfe474782bed4,44418,Grand Canyon
830,6aff48a734cec4e6,72649,Table Mountain
831,e3548ce773124a42,43412,Golden Gate Bridge
832,54cab82b31c791eb,43412,Golden Gate Bridge
833,7438783aae4d04ab,80307,Washington Monument
834,3f81d878b3857821,14790,Times Square
835,abea366d737501f9,44418,Grand Canyon
836,512f06b8e571854b,91294,Montpelier
837,6a5c3c8f5b155516,43412,Golden Gate Bridge
838,aca979fcd1400c48,43412,Golden Gate Bridge
839,88f8770607b1be39,38652,Lincoln Financial Field
840,72edbeb83205c8a3,44418,Grand Canyon
841,7f606ad786fd2717,91294,Montpelier
842,bc600e8a452b7de3,44418,Grand Canyon
843,6bd287b3a14d5352,91294,Montpelier
844,3105ba4151ceb05b,85433,Hiroshima Peace Memorial Park
845,532758a8717ad9df,64537,Monticello
846,0e4d4ce4367f0241,43412,Golden Gate Bridge
847,c3da7e9f4d46442c,44418,Grand Canyon
848,d7dd32e7781424cc,72649,Table Mountain
849,118248a3f37f7854,38652,Lincoln Financial Field
850,268ba9caa22e5bea,44418,Grand Canyon
851,13d2cff89bbe6ddf,64537,Monticello
852,cd20bf4bfb06195a,39351,The Rotunda
853,da02771dc13d4546,44418,Grand Canyon
854,f3a647d24397ceef,44418,Grand Canyon
855,66c1cd6af7db39ed,40333,Eiffel Tower
856,d2ea5143a60cae25,43412,Golden Gate Bridge
857,1c598958acf5571f,80307,Washington Monument
858,02875c5a81d8bcf3,43412,Golden Gate Bridge
859,587384f5cbefa665,43412,Golden Gate Bridge
860,bf3c94e80f145f3d,43757,Great Pyramid of Giza
861,be5a1dbf1fdc77fb,43412,Golden Gate Bridge
862,352349dca95c2bf7,80307,Washington Monument
863,f837dda291dcb32b,80307,Washington Monument
864,5af38429b320d62b,83439,Great Wall of China at Mutianyu
865,fcc08baa443f42ee,44418,Grand Canyon
866,69feb8dc26ab2b2d,43267,Brandenburg Gate
867,2e7a4c0a37969549,40333,Eiffel Tower
868,758345fe9620074c,80307,Washington Monument
869,30b882808311a6a5,31913,Sierra Negra (Galapagos)
870,aa63a57e69c32f7f,40333,Eiffel Tower
871,f218cb3e950e04e4,44418,Grand Canyon
872,835d6afa551b54f0,43412,Golden Gate Bridge
873,cf2b7c36ac71ee51,44418,Grand Canyon
874,a2bc5f2f2e3ab9a5,72649,Table Mountain
875,0fe4b97984d2c235,43412,Golden Gate Bridge
876,f3ad2934ccdf26bd,43412,Golden Gate Bridge
877,2bd07934dd7781e7,30675,Stonehenge
878,45cd45ddf7b150ef,64537,Monticello
879,3a26260d37ab3115,40333,Eiffel Tower
880,9e6396ca3324244b,72649,Table Mountain
881,9c4426c3dc722e70,44418,Grand Canyon
882,48e2cfe656633cde,44418,Grand Canyon
883,9c78ca1b367f5700,44418,Grand Canyon
884,b22875245226508d,44418,Grand Canyon
885,a6078353c4abc60e,14790,Times Square
886,766aedce365ce714,44418,Grand Canyon
887,1108b9e8700d71a9,43412,Golden Gate Bridge
888,052a321c97f6667c,44418,Grand Canyon
889,f621b71985dc27dd,64537,Monticello
890,ba5b5f744f2b8c2d,44418,Grand Canyon
891,3c0e7a78d3f49769,44418,Grand Canyon
892,35faba8fb78111ba,44418,Grand Canyon
893,9db5d313083cce0a,44418,Grand Canyon
894,70aa2d7fe47e5984,44418,Grand Canyon
895,1472418d479e6ca0,38652,Lincoln Financial Field
896,74e635bc729edf59,44418,Grand Canyon
897,a70b28293c29ab32,77972,Petra (Jordan)
898,ce9a8c0919bee176,40333,Eiffel Tower
899,c9ec77d68d76ec1b,40333,Eiffel Tower
900,3e04e8f5fef4e54b,24996,Temple of Zeus in Olypmia
901,134a472a27dc79ef,43412,Golden Gate Bridge
902,308d2a5094baea8d,44418,Grand Canyon
903,8778ebf62830bcac,72649,Table Mountain
904,8e8a383e894eb76a,72649,Table Mountain
905,50102832ff4b6001,72649,Table Mountain
906,638f6b459efe0b6c,43412,Golden Gate Bridge
907,db74765429f3d533,64537,Monticello
908,4f0df2914eb90977,72649,Table Mountain
